code,productName,imageFile,oldRows,oldTables,accurateLines,accurateLowConfidenceLines,tableV2Source,tableV2CacheHit,tableV2Count,newRows,readyRows,reviewItems,visionTasks,diagnostics,error
4260290260010,纯牛奶,D:\桌面\工作\FDE\HW1\场景09-包装标签\label-check\tests\results\market_labels_50\images\4260290260010.jpg,0,0,26,0,live_baidu_v2,True,1,6,0,19,1,TABLE_STRUCTURE_UNCERTAIN:needs_vision,
4891028705949,柠檬茶,D:\桌面\工作\FDE\HW1\场景09-包装标签\label-check\tests\results\market_labels_50\images\4891028705949.jpg,0,0,20,1,live_baidu_v2,True,1,5,0,16,1,TABLE_LAYOUT_RECOVERED:needs_vision,
4891028720232,蜜桃茶,D:\桌面\工作\FDE\HW1\场景09-包装标签\label-check\tests\results\market_labels_50\images\4891028720232.jpg,0,0,17,9,live_baidu_v2,True,1,5,0,10,1,TABLE_LAYOUT_RECOVERED:needs_vision,
6902083922658,娃哈哈 AD钙 AD钙奶饮料,D:\桌面\工作\FDE\HW1\场景09-包装标签\label-check\tests\results\market_labels_50\images\6902083922658.jpg,2,1,28,2,live_baidu_v2,True,1,7,0,22,1,TABLE_STRUCTURE_UNCERTAIN:needs_vision,
6905734301031,浪味仙创意花式薯卷（田园蔬菜味）,D:\桌面\工作\FDE\HW1\场景09-包装标签\label-check\tests\results\market_labels_50\images\6905734301031.jpg,1,1,21,2,live_baidu_v2,True,1,5,0,16,1,TABLE_STRUCTURE_UNCERTAIN:needs_vision,
6905734301277,浪味仙创意花式薯卷（意式番茄味）,D:\桌面\工作\FDE\HW1\场景09-包装标签\label-check\tests\results\market_labels_50\images\6905734301277.jpg,0,0,19,3,live_baidu_v2,True,1,5,2,3,0,TABLE_PARSED:ok,
6906839615771,维多粒果冻爽（葡萄味）,D:\桌面\工作\FDE\HW1\场景09-包装标签\label-check\tests\results\market_labels_50\images\6906839615771.jpg,0,0,14,4,live_baidu_v2,True,0,5,0,9,1,TABLE_V2_NOT_FOUND:needs_vision,
6907592000026,大块腐乳,D:\桌面\工作\FDE\HW1\场景09-包装标签\label-check\tests\results\market_labels_50\images\6907592000026.jpg,0,0,26,9,live_baidu_v2,True,1,7,0,15,1,TABLE_STRUCTURE_UNCERTAIN:needs_vision,
6907992103051,风味发酵乳,D:\桌面\工作\FDE\HW1\场景09-包装标签\label-check\tests\results\market_labels_50\images\6907992103051.jpg,1,1,38,5,live_baidu_v2,True,1,6,0,17,1,TABLE_LAYOUT_RECOVERED:needs_vision,
6909995103670,小小酥（原味）,D:\桌面\工作\FDE\HW1\场景09-包装标签\label-check\tests\results\market_labels_50\images\6909995103670.jpg,1,1,18,0,live_baidu_v2,True,1,5,0,16,1,TABLE_STRUCTURE_UNCERTAIN:needs_vision,
6911988014924,法式软面包（香橙味）,D:\桌面\工作\FDE\HW1\场景09-包装标签\label-check\tests\results\market_labels_50\images\6911988014924.jpg,0,0,15,4,live_baidu_v2,True,0,2,0,6,1,TABLE_V2_NOT_FOUND:needs_vision,
6920202888883,红牛,D:\桌面\工作\FDE\HW1\场景09-包装标签\label-check\tests\results\market_labels_50\images\6920202888883.jpg,0,0,5,1,live_baidu_v2,True,0,0,0,0,0,NON_NUTRITION_TABLE:needs_review,
6920907808612,呀土豆,D:\桌面\工作\FDE\HW1\场景09-包装标签\label-check\tests\results\market_labels_50\images\6920907808612.jpg,0,0,59,15,live_baidu_v2,True,0,6,0,18,1,TABLE_V2_NOT_FOUND:needs_vision,
6921168558049,茉莉花茶,D:\桌面\工作\FDE\HW1\场景09-包装标签\label-check\tests\results\market_labels_50\images\6921168558049.jpg,0,0,22,3,live_baidu_v2,True,1,6,0,18,1,TABLE_LAYOUT_RECOVERED:needs_vision,
6921294389371,Master Kang sweet stewed snow pear,D:\桌面\工作\FDE\HW1\场景09-包装标签\label-check\tests\results\market_labels_50\images\6921294389371.jpg,2,1,26,4,live_baidu_v2,True,1,5,0,14,1,TABLE_LAYOUT_RECOVERED:needs_vision,
6921317600711,番茄沙司,D:\桌面\工作\FDE\HW1\场景09-包装标签\label-check\tests\results\market_labels_50\images\6921317600711.jpg,3,1,44,6,live_baidu_v2,True,0,5,0,13,1,TABLE_LAYOUT_RECOVERED:needs_vision,
6922577704188,老酸奶,D:\桌面\工作\FDE\HW1\场景09-包装标签\label-check\tests\results\market_labels_50\images\6922577704188.jpg,2,1,24,1,live_baidu_v2,True,1,5,0,16,1,TABLE_STRUCTURE_UNCERTAIN:needs_vision,
6922577766124,悦鲜活,D:\桌面\工作\FDE\HW1\场景09-包装标签\label-check\tests\results\market_labels_50\images\6922577766124.jpg,1,1,50,12,live_baidu_v2,True,1,6,0,19,1,TABLE_LAYOUT_RECOVERED:needs_vision,
6922848641310,黄牌精选红茶,D:\桌面\工作\FDE\HW1\场景09-包装标签\label-check\tests\results\market_labels_50\images\6922848641310.jpg,0,0,21,0,live_baidu_v2,True,0,5,0,16,1,TABLE_V2_NOT_FOUND:needs_vision,
6923644287641,,D:\桌面\工作\FDE\HW1\场景09-包装标签\label-check\tests\results\market_labels_50\images\6923644287641.jpg,1,1,23,0,live_baidu_v2,True,1,6,0,19,1,TABLE_LAYOUT_RECOVERED:needs_vision,
6923644299774,特仑苏有机纯牛奶,D:\桌面\工作\FDE\HW1\场景09-包装标签\label-check\tests\results\market_labels_50\images\6923644299774.jpg,0,0,23,1,live_baidu_v2,True,1,6,0,19,1,TABLE_LAYOUT_RECOVERED:needs_vision,
6924743915060,美国经典原味薯片,D:\桌面\工作\FDE\HW1\场景09-包装标签\label-check\tests\results\market_labels_50\images\6924743915060.jpg,0,0,25,3,live_baidu_v2,True,1,7,0,19,1,TABLE_LAYOUT_RECOVERED:needs_vision,
6924743922570,,D:\桌面\工作\FDE\HW1\场景09-包装标签\label-check\tests\results\market_labels_50\images\6924743922570.jpg,0,0,25,0,live_baidu_v2,True,1,7,0,21,1,TABLE_STRUCTURE_UNCERTAIN:needs_vision,
6924769700497,金枪鱼罐头,D:\桌面\工作\FDE\HW1\场景09-包装标签\label-check\tests\results\market_labels_50\images\6924769700497.jpg,0,0,20,5,live_baidu_v2,True,0,5,0,14,1,TABLE_V2_NOT_FOUND:needs_vision,
6928396000364,雙趣蛋,D:\桌面\工作\FDE\HW1\场景09-包装标签\label-check\tests\results\market_labels_50\images\6928396000364.jpg,0,0,19,0,live_baidu_v2,True,0,6,0,18,1,TABLE_V2_NOT_FOUND:needs_vision,
6934665095511,双拼果粒 莓莓满满,D:\桌面\工作\FDE\HW1\场景09-包装标签\label-check\tests\results\market_labels_50\images\6934665095511.jpg,1,1,30,2,live_baidu_v2,True,1,7,7,0,0,TABLE_PARSED:ok,
6938866513607,纯牛奶,D:\桌面\工作\FDE\HW1\场景09-包装标签\label-check\tests\results\market_labels_50\images\6938866513607.jpg,0,0,22,0,live_baidu_v2_after_crop_fix,True,1,6,6,0,0,TABLE_PARSED:ok,
6940187266308,富硒高钙羊奶粉,D:\桌面\工作\FDE\HW1\场景09-包装标签\label-check\tests\results\market_labels_50\images\6940187266308.jpg,0,0,45,7,live_baidu_v2,True,1,8,0,24,2,TABLE_STRUCTURE_UNCERTAIN:needs_vision;TABLE_V2_NOT_FOUND:needs_vision,
6942404210064,百事可乐,D:\桌面\工作\FDE\HW1\场景09-包装标签\label-check\tests\results\market_labels_50\images\6942404210064.jpg,0,0,22,5,live_baidu_v2,True,0,6,0,17,1,TABLE_V2_NOT_FOUND:needs_vision,
6946036500036,Cottage cheese,D:\桌面\工作\FDE\HW1\场景09-包装标签\label-check\tests\results\market_labels_50\images\6946036500036.jpg,7,1,34,2,prior_v2_fixture,True,1,8,0,9,1,TABLE_LAYOUT_RECOVERED:needs_vision,
6954767400785,阳光 柠檬味茶饮料,D:\桌面\工作\FDE\HW1\场景09-包装标签\label-check\tests\results\market_labels_50\images\6954767400785.jpg,3,1,47,6,live_baidu_v2,True,1,6,0,18,1,TABLE_STRUCTURE_UNCERTAIN:needs_vision,
6954767417684,可口可乐,D:\桌面\工作\FDE\HW1\场景09-包装标签\label-check\tests\results\market_labels_50\images\6954767417684.jpg,3,1,23,3,live_baidu_v2,True,1,6,5,1,0,TABLE_PARSED:ok,
6954767420363,可口可乐零度,D:\桌面\工作\FDE\HW1\场景09-包装标签\label-check\tests\results\market_labels_50\images\6954767420363.jpg,0,0,24,7,live_baidu_v2,True,0,6,0,13,1,TABLE_V2_NOT_FOUND:needs_vision,
6954767430461,雪碧纤维+,D:\桌面\工作\FDE\HW1\场景09-包装标签\label-check\tests\results\market_labels_50\images\6954767430461.jpg,0,0,29,2,live_baidu_v2_after_crop_fix,True,1,7,0,21,1,TABLE_STRUCTURE_UNCERTAIN:needs_vision,
6954767440774,,D:\桌面\工作\FDE\HW1\场景09-包装标签\label-check\tests\results\market_labels_50\images\6954767440774.jpg,0,0,35,8,live_baidu_v2,True,0,4,0,12,1,TABLE_V2_NOT_FOUND:needs_vision,
6955150411463,有机纯牛奶,D:\桌面\工作\FDE\HW1\场景09-包装标签\label-check\tests\results\market_labels_50\images\6955150411463.jpg,3,1,25,1,prior_v2_fixture,True,1,6,6,0,0,TABLE_PARSED:ok,
6970541410207,油炸休闲小点心（油炸糕点）虾味,D:\桌面\工作\FDE\HW1\场景09-包装标签\label-check\tests\results\market_labels_50\images\6970541410207.jpg,3,1,21,0,live_baidu_v2,True,1,6,6,0,0,TABLE_PARSED:ok,
6972434755648,诺特兰得 血橙复合B族维生素咀嚼片 运动营养食品 耐力类,D:\桌面\工作\FDE\HW1\场景09-包装标签\label-check\tests\results\market_labels_50\images\6972434755648.jpg,3,1,35,5,live_baidu_v2,True,1,7,0,10,1,TABLE_LAYOUT_RECOVERED:needs_vision,
6974348720972,轻果茶·葡萄黑加仑乌龙茶,D:\桌面\工作\FDE\HW1\场景09-包装标签\label-check\tests\results\market_labels_50\images\6974348720972.jpg,0,0,22,4,live_baidu_v2,True,1,6,0,15,1,TABLE_LAYOUT_RECOVERED:needs_vision,
3161712996153,Brie au bleu,D:\桌面\工作\FDE\HW1\场景09-包装标签\label-check\tests\results\market_labels_50\images\3161712996153.jpg,0,0,18,0,live_baidu_v2,True,1,5,0,16,1,TABLE_STRUCTURE_UNCERTAIN:needs_vision,
3502042113122,,D:\桌面\工作\FDE\HW1\场景09-包装标签\label-check\tests\results\market_labels_50\images\3502042113122.jpg,0,0,22,0,live_baidu_v2,True,1,6,0,19,1,TABLE_LAYOUT_RECOVERED:needs_vision,
4001686301555,,D:\桌面\工作\FDE\HW1\场景09-包装标签\label-check\tests\results\market_labels_50\images\4001686301555.jpg,0,0,25,4,live_baidu_v2,True,1,7,0,15,1,TABLE_STRUCTURE_UNCERTAIN:needs_vision,
4710199087701,,D:\桌面\工作\FDE\HW1\场景09-包装标签\label-check\tests\results\market_labels_50\images\4710199087701.jpg,2,1,27,0,live_baidu_v2,True,1,8,0,23,1,TABLE_LAYOUT_RECOVERED:needs_vision,
6901668938824,,D:\桌面\工作\FDE\HW1\场景09-包装标签\label-check\tests\results\market_labels_50\images\6901668938824.jpg,0,0,29,0,live_baidu_v2,True,1,6,6,0,0,TABLE_PARSED:ok,
6902083881085,娃哈哈 AD 钙奶原味,D:\桌面\工作\FDE\HW1\场景09-包装标签\label-check\tests\results\market_labels_50\images\6902083881085.jpg,0,0,18,2,live_baidu_v2,True,1,7,0,14,2,TABLE_STRUCTURE_UNCERTAIN:needs_vision;TABLE_V2_NOT_FOUND:needs_vision,
6904682000355,王子饼干,D:\桌面\工作\FDE\HW1\场景09-包装标签\label-check\tests\results\market_labels_50\images\6904682000355.jpg,1,1,21,2,live_baidu_v2,True,1,5,3,2,0,TABLE_PARSED:ok,
6907992100272,伊利,D:\桌面\工作\FDE\HW1\场景09-包装标签\label-check\tests\results\market_labels_50\images\6907992100272.jpg,0,0,28,0,live_baidu_v2,True,1,6,0,19,1,TABLE_LAYOUT_RECOVERED:needs_vision,
6909548098880,冬瓜汁饮料,D:\桌面\工作\FDE\HW1\场景09-包装标签\label-check\tests\results\market_labels_50\images\6909548098880.jpg,2,1,19,1,live_baidu_v2,True,1,5,4,1,0,TABLE_PARSED:ok,
6914973603394,,D:\桌面\工作\FDE\HW1\场景09-包装标签\label-check\tests\results\market_labels_50\images\6914973603394.jpg,6,1,42,14,live_baidu_v2,True,0,9,0,27,1,TABLE_LAYOUT_RECOVERED:needs_vision,
6916196410414,李子园甜牛奶乳饮料,D:\桌面\工作\FDE\HW1\场景09-包装标签\label-check\tests\results\market_labels_50\images\6916196410414.jpg,1,1,10,4,live_baidu_v2,True,1,3,0,5,1,TABLE_LAYOUT_RECOVERED:needs_vision,
